"value","lon","lat","geoAddress"
" Trader Joe's Birmingham (737) 205 Summit Blvd, Suite 100 Birmingham, AL 35243 US ",-86.7292915,33.4465106,"205 summit blvd ste 100, birmingham, al 35243, usa"
" Trader Joe's Gilbert (Santan) 1779 E. Williams Field Rd. Gilbert, AZ 85295 US ",-111.7516358,33.3060482,"1779 e williams field rd, gilbert, az 85295, usa"
" Trader Joe's Glendale (85) 7720 West Bell Rd Glendale, AZ 85308 US ",-112.2265726,33.6393288,"7720 w bell rd, glendale, az 85308, usa"
" Trader Joe's Mesa (89) 2050 E Baseline Rd Mesa, AZ 85204 US ",-111.7870802,33.3809684,"2050 e baseline rd, mesa, az 85204, usa"
" Trader Joe's Oro Valley (96) 7912 N Oracle Oro Valley, AZ 85704 US ",-110.9731792,32.3505126,"7912 n oracle rd, oro valley, az 85704, usa"
" Trader Joe's Ahwatukee (177) 4025 E Chandler Blvd Phoenix, AZ 85048 US ",-111.9945187,33.3044587,"4025 e chandler blvd ste 38, phoenix, az 85048, usa"
" Trader Joe's Paradise Valley (282) 4726 East Shea Blvd Phoenix, AZ 85028 US ",-111.9790307,33.5833102,"4726 e shea blvd, phoenix, az 85028, usa"
" Trader Joe's Phoenix - Town & Country (90) 4821 N 20th St Phoenix, AZ 85016 US ",-112.037715,33.5071001,"4821 n 20th st, phoenix, az 85016, usa"
" Trader Joe's Prescott (283) 252 N Lee Blvd Prescott, AZ 86303 US ",-112.405347,34.548656,"252 n lee blvd, prescott, az 86303, usa"
" Trader Joe's N Scottsdale (87) 7555 E Frank Lloyd Wright Scottsdale, AZ 85260 US ",-111.91713,33.6358602,"7555 e frank lloyd wright blvd, scottsdale, az 85260, usa"
" Trader Joe's Scottsdale (94) 6202 N Scottsdale Rd Scottsdale, AZ 85253 US ",-111.9275797,33.5294368,"6202 n scottsdale rd, scottsdale, az 85253, usa"
" Trader Joe's Surprise (92) 14095 W Grand Ave Surprise, AZ 85374 US ",-112.3673991,33.6513787,"14095 w grand ave, surprise, az 85374, usa"
" Trader Joe's Tempe (93) 6460 S McClintock Dr Tempe, AZ 85283 US ",-111.9122475,33.3618135,"6460 s mcclintock dr, tempe, az 85283, usa"
" Trader Joe's Tucson (95) 1101 N Wilmot Rd Tucson, AZ 85712 US ",-110.8589241,32.2371687,"1101 n wilmot rd ste 147, tucson, az 85712, usa"
" Trader Joe's Tucson - Campbell & Limberlost (191) 4209 N Campbell Ave Tucson, AZ 85719 US ",-110.9447958,32.2835033,"4209 n campbell ave, tucson, az 85719, usa"
" Trader Joe's Tucson - Crossroads (88) 4766 E Grant Rd Tucson, AZ 85712 US ",-110.8909436,32.2497812,"4766 e grant rd, tucson, az 85712, usa"
" Trader Joe's Agoura Hills (247) 28941 Canwood St Agoura Hills, CA 91301 US ",-118.7566493,34.1464425,"28941 canwood st, agoura hills, ca 91301, usa"
" Trader Joe's Alameda (109) 2217 South Shore Center Alameda, CA 94501 US ",-122.2514556,37.7577242,"2217 s shore center, alameda, ca 94501, usa"
" Trader Joe's Aliso Viejo (195) 26541 Aliso Creek Rd Aliso Viejo, CA 92656 US ",-117.7247835,33.5774874,"26541 aliso creek rd, aliso viejo, ca 92656, usa"
" Trader Joe's Arroyo Grande (117) 955 Rancho Pkwy Arroyo Grande, CA 93420 US ",-120.5940538,35.125703,"955 rancho pkwy, arroyo grande, ca 93420, usa"
" Trader Joe's Bakersfield (14) 8200 Stockdale Hwy Bakersfield, CA 93311 US ",-119.0937808,35.3556744,"8200 stockdale hwy #c21, bakersfield, ca 93311, usa"
" Trader Joe's Berkeley (186) 1885 University Ave Berkeley, CA 94703 US ",-122.273313,37.871926,"1885 university ave, berkeley, ca 94703, usa"
" Trader Joe's Brea (11) 2500 E Imperial Hwy Brea, CA 92821 US ",-117.8674073,33.9103656,"2500 e imperial hwy, brea, ca 92821, usa"
" Trader Joe's Brentwood (201) 5451 Lone Tree Way Brentwood, CA 94513 US ",-121.7501075,37.9611463,"5451 lone tree way, brentwood, ca 94513, usa"
" Trader Joe's Burbank (124) 214 E Alameda Ave Burbank, CA 91502 US ",-118.2988641,34.1749591,"214 e alameda ave, burbank, ca 91502, usa"
" Trader Joe's Calabasas (254) 23741 Calabasas Rd. Calabasas, CA 91302 US ",-118.6449836,34.1556665,"23741 calabasas rd, calabasas, ca 91302, usa"
" Trader Joe's Camarillo (114) 363 Carmen Dr Camarillo, CA 93010 US ",-119.0532205,34.2198547,"363 carmen dr, camarillo, ca 93010, usa"
" Trader Joe's Campbell (73) 1875 Bascom Ave Campbell, CA 95008 US ",-121.9326181,37.2883618,"1875 s bascom ave, campbell, ca 95008, usa"
" Trader Joe's Capitola (64) 3555 Clares St #D Capitola, CA 95010 US ",-121.9701506,36.9785429,NA
" Trader Joe's Carlsbad (220) 2629 Gateway Rd Carlsbad, CA 92009 US ",-117.2546598,33.1266131,"2629 gateway rd, carlsbad, ca 92009, usa"
" Trader Joe's Castro Valley (84) 22224 Redwood Rd Castro Valley, CA 94546 US ",-122.073003,37.6853639,"22224 redwood rd, castro valley, ca 94546, usa"
" Trader Joe's Cathedral City (118) 67720 E Palm Canyon Dr Cathedral City, CA 92234 US ",-116.4830524,33.7892005,"67720 e palm canyon dr, cathedral city, ca 92234, usa"
" Trader Joe's Cerritos (104) 12861 Towne Center Dr Cerritos, CA 90703 US ",-118.0581293,33.8692417,"12861 towne center dr, cerritos, ca 90703, usa"
" Trader Joe's Chatsworth (184) 10330 Mason Ave Chatsworth, CA 91311 US ",-118.5787951,34.2582554,"10330 mason ave, chatsworth, ca 91311, usa"
" Trader Joe's Chico (199) 801 East Ave Chico, CA 95926 US ",-121.8465145,39.759334,"801 east ave ste 110, chico, ca 95926, usa"
" Trader Joe's Chino Hills (216) 13911 Peyton Drive Chino Hills, CA 91709 US ",-117.7321143,34.0005411,"13911 peyton dr, chino hills, ca 91709, usa"
" Trader Joe's Chula Vista (120) 878 Eastlake Pkwy Chula Vista, CA 91914 US ",-116.9703882,32.6513234,"878 eastlake pkwy ste 810, chula vista, ca 91914, usa"
" Trader Joe's Claremont (214) 475 W Foothill Blvd Claremont, CA 91711 US ",-117.7220344,34.1073921,"475 w foothill blvd, claremont, ca 91711, usa"
" Trader Joe's Clovis (180) 1077 N Willow Ave Clovis, CA 93611 US ",-119.728035,36.8493342,"1077 n willow ave, clovis, ca 93611, usa"
" Trader Joe's Concord (60) 1150 Concord Ave Concord, CA 94520 US ",-122.0564004,37.9792245,"1150 concord ave, concord, ca 94520, usa"
" Trader Joe's Concord (83) 785 Oak Grove Rd Concord, CA 94518 US ",-122.0248286,37.9369329,"785 oak grove rd, concord, ca 94518, usa"
" Trader Joe's Corona (213) 2790 Cabot Dr Corona, CA 92883 US ",-117.5065624,33.8114911,"2790 cabot dr, corona, ca 92883, usa"
" Trader Joe's Costa Mesa (35) 640 W 17th St Costa Mesa, CA 92627 US ",-117.9245798,33.6367934,"640 w 17th st, costa mesa, ca 92627, usa"
" Trader Joe's Culver City (251) 6150 Slauson Ave Culver City, CA 90230 US ",-118.3928504,33.98801,"6150 slauson ave, culver city, ca 90230, usa"
" Trader Joe's Culver City (36) 9290 Culver Blvd Culver City, CA 90232 US ",-118.3929931,34.0252255,"9290 culver blvd, culver city, ca 90232, usa"
" Trader Joe's Daly City (74) 417 Westlake Center Daly City, CA 94015 US ",-122.482237,37.7000041,"417 westlake center, daly city, ca 94015, usa"
" Trader Joe's Danville (65) 85 Railroad Ave Danville, CA 94526 US ",-122.0032311,37.8231031,"85 railroad ave, danville, ca 94526, usa"
" Trader Joe's Davis (182) 885 Russell Blvd Davis, CA 95616 US ",-121.7613571,38.5465789,"885 russell blvd, davis, ca 95616, usa"
" Trader Joe's Eagle Rock (55) 1566 Colorado Blvd Eagle Rock, CA 90041 US ",-118.200439,34.1392586,"1566 colorado blvd, eagle rock, ca 90041, usa"
" Trader Joe's El Cerrito (108) 225 El Cerrito Plaza El Cerrito, CA 94530 US ",-122.299816,37.8989101,"225 el cerrito plaza, el cerrito, ca 94530, usa"
" Trader Joe's Elk Grove (190) 9670 Bruceville Road Elk Grove, CA 95757 US ",-121.4205286,38.4066009,"9670 bruceville rd, elk grove, ca 95757, usa"
" Trader Joe's Emeryville (72) 5700 Christie Ave Emeryville, CA 94608 US ",-122.2942301,37.8369813,"5700 christie ave, emeryville, ca 94608, usa"
" Trader Joe's Encinitas (25) 115 N El Camino Real Encinitas, CA 92024 US ",-117.2558081,33.0471008,"115 n el camino real, encinitas, ca 92024, usa"
" Trader Joe's Encino (56) 17640 Burbank Blvd Encino, CA 91316 US ",-118.5177696,34.1717937,"17640 burbank blvd, encino, ca 91316, usa"
" Trader Joe's Escondido (105) 1885 S Centre City Pkwy Escondido, CA 92025 US ",-117.0748288,33.099931,"1885 s centre city pkwy, escondido, ca 92025, usa"
" Trader Joe's Fairfield (101) 1350 Gateway Blvd Fairfield, CA 94533 US ",-122.0522272,38.2641547,"1350 gateway blvd ste a1-a7, fairfield, ca 94533, usa"
" Trader Joe's Fair Oaks (71) 5309 Sunrise Blvd Fair Oaks, CA 95628 US ",-121.2738677,38.6620665,"5309 sunrise blvd, fair oaks, ca 95628, usa"
" Trader Joe's Folsom (172) 850 East Bidwell Folsom, CA 95630 US ",-121.1559149,38.6724426,"850 e bidwell st, folsom, ca 95630, usa"
" Trader Joe's Fremont (77) 39324 Argonaut Way Fremont, CA 94538 US ",-121.9861519,37.5434679,"39324 argonaut way, fremont, ca 94538, usa"
" Trader Joe's Fresno (8) 8478 N. Friant Road Fresno, CA 93720 US ",-119.7825489,36.857992,"8478 n friant rd, fresno, ca 93720, usa"
" Trader Joe's Glendale (53) 103 E Glenoaks Blvd Glendale, CA 91207 US ",-118.2545353,34.1598391,"103 e glenoaks blvd, glendale, ca 91207, usa"
" Trader Joe's Goleta (110) 5767 Calle Real Goleta, CA 93117 US ",-119.825238,34.4406928,"5767 calle real, goleta, ca 93117, usa"
" Trader Joe's Granada Hills (44) 11114 Balboa Blvd Granada Hills, CA 91344 US ",-118.5016054,34.272659,"11114 balboa blvd, granada hills, ca 91344, usa"
" Trader Joe's Larkspur (235) 2052 Redwood Hwy Greenbrae, CA 94904 US ",-122.5149604,37.9378615,"2052 redwood hwy, greenbrae, ca 94904, usa"
" Trader Joe's Hermosa Beach (248) 1100 Pacific Coast Hwy Hermosa Beach, CA 90254 US ",-118.3921886,33.8635021,"1100 pacific coast hwy, hermosa beach, ca 90254, usa"
" Trader Joe's Huntington Beach (47) 18681 Main St Huntington Beach, CA 92648 US ",-117.9927157,33.6925294,"18681 main st, huntington beach, ca 92648, usa"
" Trader Joe's Huntington Beach - Brookhurst (241) 21431 Brookhurst St Huntington Beach, CA 92646 US ",-117.9548912,33.6513584,"21431 brookhurst st, huntington beach, ca 92646, usa"
" Trader Joe's Huntington Harbour (244) 16821 Algonquin St Huntington Beach, CA 92649 US ",-118.05145,33.7175194,"16821 algonquin st, huntington beach, ca 92649, usa"
" Trader Joe's Irvine - University Ctr (111) 4225 Campus Dr Irvine, CA 92612 US ",-117.8375077,33.6504666,"4225 campus dr, irvine, ca 92612, usa"
" Trader Joe's Irvine - Walnut Village Ctr (37) 14443 Culver Dr Irvine, CA 92604 US ",-117.7884205,33.7061608,"14443 culver dr, irvine, ca 92604, usa"
" Trader Joe's Irvine - Woodbury Town Center (210) 6222 Irvine Blvd Irvine, CA 92620 US ",-117.7431271,33.6984908,"6222 irvine blvd, irvine, ca 92620, usa"
" Trader Joe's La Canada (42) 475 Foothill Blvd La Canada, CA 91011 US ",-118.1884204,34.200037,"475 foothill blvd, la cañada flintridge, ca 91011, usa"
" Trader Joe's Lafayette (115) 3649 Mt Diablo Blvd Lafayette, CA 94549 US ",-122.1268178,37.8903423,"3649 mt diablo blvd, lafayette, ca 94549, usa"
" Trader Joe's Laguna Hills (39) 24321 Avenida De La Carlota Laguna Hills, CA 92653 US ",-117.7022396,33.6084437,"24321 avenida de la carlota, laguna hills, ca 92653, usa"
" Trader Joe's Laguna Niguel - Ocean Ranch (103) 32351 Street of the Golden Lantern Laguna Niguel, CA 92677 US ",-117.6966468,33.49304,"32351 golden lantern, laguna niguel, ca 92677, usa"
" Trader Joe's La Habra 2101 W. Imperial Hwy, Suite A La Habra,",-117.8674073,33.9103656,"2500 e imperial hwy, brea, ca 92821, usa"
" Trader Joe's La Jolla (20) 8657 Villa la Jolla Dr La Jolla, CA 92037 US ",-117.2317254,32.8657453,"8657 villa la jolla dr, la jolla, ca 92037, usa"
" Trader Joe's La Mesa (24) 5495 Grossmont Center Dr La Mesa, CA 91942 US ",-117.0056147,32.7792966,"5495 grossmont center dr, la mesa, ca 91942, usa"
" Trader Joe's La Quinta (189) 46400 Washington St La Quinta, CA 92253 US ",-116.2942688,33.7119922,"46400 washington st, la quinta, ca 92253, usa"
" Trader Joe's Livermore (208) 1122 A East Stanley Blvd Livermore, CA 94550 US ",-121.7816937,37.6803533,"1122 a e stanley blvd, livermore, ca 94550, usa"
" Trader Joe's Long Beach - Bellflower Blvd (194) 2222 North Bellflower Blvd Long Beach, CA 90815 US ",-118.1228974,33.7967761,"2222 n bellflower blvd, long beach, ca 90815, usa"
" Trader Joe's Long Beach - Bixby Knolls (116) 4210 Long Beach Blvd Long Beach, CA 90807 US ",-118.1884404,33.8355392,"4210 long beach boulevard, long beach, ca 90807, usa"
" Trader Joe's Long Beach - Pch (43) 6451 E Pacific Coast Hwy Long Beach, CA 90803 US ",-118.1089303,33.7576624,"6451 pacific coast hwy, long beach, ca 90803, usa"
" Trader Joe's Los Altos (127) 2310 Homestead Rd Los Altos, CA 94024 US ",-122.067183,37.3368421,"2310 homestead rd, los altos, ca 94024, usa"
" Trader Joe's Hollywood (206) 1600 N Vine St Los Angeles, CA 90028 US ",-118.3260586,34.1003784,"1600 n vine st, los angeles, ca 90028, usa"
" Trader Joe's Los Angeles (31) 263 S La Brea Ave Los Angeles, CA 90036 US ",-118.3444162,34.0691505,"263 south la brea ave, los angeles, ca 90036, usa"
" Trader Joe's Los Angeles - 3Rd & Fairfax (240) 175 South Fairfax Ave Los Angeles, CA 90036 US ",-118.3444162,34.0691505,"263 south la brea ave, los angeles, ca 90036, usa"
" Trader Joe's Los Angeles - Burton Way (237) 8500 Burton Way Los Angeles, CA 90048 US ",-118.3770755,34.0711646,"8500 burton way, los angeles, ca 90048, usa"
" Trader Joe's Olympic Blvd (215) 11755 Olympic Blvd Los Angeles, CA 90064 US ",-118.4493107,34.0337159,"11755 w olympic blvd, los angeles, ca 90064, usa"
" Trader Joe's Silver Lake (17) 2738 Hyperion Ave Los Angeles, CA 90027 US ",-118.2715739,34.1076393,"2738 hyperion ave, los angeles, ca 90027, usa"
" Trader Joe's Sunset Blvd (192) 8000 W Sunset Blvd Los Angeles, CA 90046 US ",-118.365233,34.0976043,"8000 sunset blvd, los angeles, ca 90046, usa"
" Trader Joe's Usc Village (250) 3131 S Hoover Street Los Angeles, CA 90089 US ",-118.2846645,34.026076,"3131 s hoover st ste 1920, los angeles, ca 90089, usa"
" Trader Joe's West Los Angeles (7) 10850 National Blvd Los Angeles, CA 90064 US ",-118.4214825,34.030059,"10850 national blvd, los angeles, ca 90064, usa"
" Trader Joe's West Los Angeles - Sepulveda (119) 3456 S Sepulveda Blvd Los Angeles, CA 90034 US ",-118.4221063,34.0204805,"3456 s sepulveda blvd, los angeles, ca 90034, usa"
" Trader Joe's Westwood (234) 1000 Glendon Ave Los Angeles, CA 90024 US ",-118.4437742,34.0622696,"1000 glendon ave, los angeles, ca 90024, usa"
" Trader Joe's Los Gatos (181) 15466 Los Gatos Blvd Los Gatos, CA 95032 US ",-121.9579316,37.2441186,"15466 los gatos blvd, los gatos, ca 95032, usa"
" Trader Joe's Manhattan Beach Blvd (34) 1821 Manhattan Beach Blvd Manhattan Bch., CA 90266 US ",-118.379888,33.8876384,"1821 manhattan beach blvd, manhattan beach, ca 90266, usa"
" Trader Joe's Manhattan Beach - Rosecrans Blvd (106) 1800 Rosecrans Blvd Manhattan Beach, CA 90266 US ",-118.3811773,33.9005691,"1800 rosecrans ave, manhattan beach, ca 90266, usa"
" Trader Joe's Marina Del Rey (205) 4675 Admiralty Way Marina Del Rey, CA 90292 US ",-118.4413082,33.9795507,"4675 admiralty way, marina del rey, ca 90292, usa"
" Trader Joe's Menlo Park (69) 720 Menlo Ave Menlo Park, CA 94025 US ",-122.1835183,37.4512158,"720 menlo ave, menlo park, ca 94025, usa"
" Trader Joe's Millbrae (170) 765 Broadway Millbrae, CA 94030 US ",-122.3960646,37.6036852,"765 broadway, millbrae, ca 94030, usa"
" Trader Joe's Mission Viejo (126) 25410 Marguerite Pkwy Mission Viejo, CA 92692 US ",-117.658427,33.5930519,"25410 marguerite pkwy, mission viejo, ca 92692, usa"
" Trader Joe's Modesto (9) 3250 Dale Road Modesto, CA 95356 US ",-121.0493912,37.6879675,"3250 dale rd, modesto, ca 95356, usa"
" Trader Joe's Monrovia (112) 604 W Huntington Dr Monrovia, CA 91016 US ",-118.0120891,34.1378673,"604 huntington dr, monrovia, ca 91016, usa"
" Trader Joe's Monterey (204) 570 Munras Ave Monterey, CA 93940 US ",-121.8943519,36.5965585,"570 munras ave ste 20, monterey, ca 93940, usa"
" Trader Joe's Montrose (52) 2462 Honolulu Ave Montrose, CA 91020 US ",-118.2331547,34.2069873,"2462 honolulu ave, montrose, ca 91020, usa"
" Trader Joe's Morgan Hill (202) 17035 Laurel Rd Morgan Hill, CA 95037 US ",-121.6382032,37.1311381,"17035 laurel rd, morgan hill, ca 95037, usa"
" Trader Joe's Mountain View (81) 590 Showers Dr Mountain View, CA 94040 US ",-122.1107579,37.4020838,"590 showers dr, mountain view, ca 94040, usa"
" Trader Joe's Napa (128) 3654 Bel Aire Plaza Napa, CA 94558 US ",-122.3058353,38.3227963,"3654 bel aire plaza, napa, ca 94558, usa"
" Trader Joe's Newport Beach (125) 8086 E Pacific Coast Hwy Newport Beach, CA 92657 US ",-117.8324176,33.5681793,"8086 pacific coast hwy, newport beach, ca 92657, usa"
" Trader Joe's Novato (198) 7514 Redwood Blvd Novato, CA 94945 US ",-122.5681231,38.1118504,"7514 redwood blvd, novato, ca 94945, usa"
" Trader Joe's Oakland - Lakeshore (203) 3250 Lakeshore Ave Oakland, CA 94610 US ",-122.2442512,37.8097414,"3250 lakeshore ave, oakland, ca 94610, usa"
" Trader Joe's Oakland - Rockridge (231) 5727 College Ave Oakland, CA 94618 US ",-122.2528065,37.8455601,"5727 college ave, oakland, ca 94618, usa"
" Trader Joe's Oceanside (22) 2570 Vista Way Oceanside, CA 92054 US ",-117.3319447,33.1841133,"2570 vista way, oceanside, ca 92054, usa"
" Trader Joe's Mall Of Orange (46) 2114 N Tustin St Orange, CA 92865 US ",-117.836578,33.8232673,"mall of orange, 2114 n tustin st, orange, ca 92865, united states"
" Trader Joe's Pacific Grove (79) 1170 Forest Ave Pacific Grove, CA 93950 US ",-121.9219308,36.6055799,"1170 forest ave, pacific grove, ca 93950, usa"
" Trader Joe's Palmdale (185) 39507 10th St W Palmdale, CA 93551 US ",-118.149297,34.6003122,"39507 10th st w, palmdale, ca 93551, usa"
" Trader Joe's Palm Desert (3) 44250 Town Center Way Palm Desert, CA 92260 US ",-116.3966112,33.7274599,"44250 town center way, palm desert, ca 92260, usa"
" Trader Joe's Palo Alto (207) 855 El Camino Real Palo Alto, CA 94301 US ",-122.1578179,37.4383313,"855 el camino real, palo alto, ca 94301, usa"
" Trader Joe's Hastings Ranch (171) 467 N Rosemead Blvd Pasadena, CA 91107 US ",-118.078195,34.1537035,"467 n rosemead blvd, pasadena, ca 91107, usa"
" Trader Joe's Pasadena (51) 610 S Arroyo Pkwy Pasadena, CA 91105 US ",-118.1468743,34.1351409,"610 s arroyo pkwy, pasadena, ca 91105, usa"
" Trader Joe's Pasadena (East) (32) 3035 E Huntington Dr Pasadena, CA 91107 US ",-118.0894848,34.1278856,"3035 e huntington dr, pasadena, ca 91107, usa"
" Trader Joe's Pasadena - S Lake Ave (179) 345 S Lake Ave Pasadena, CA 91101 US ",-118.1329065,34.1400495,"345 s lake ave, pasadena, ca 91101, usa"
" Trader Joe's Petaluma (107) 169 N McDowell Blvd Petaluma, CA 94954 US ",-122.6280104,38.2480431,"169 n mcdowell blvd, petaluma, ca 94954, usa"
" Trader Joe's Pinole (230) 2742 Pinole Valley Rd Pinole, CA 94564 US ",-122.2867436,37.9952651,"2742 pinole valley rd, pinole, ca 94564, usa"
" Trader Joe's Pleasanton (66) 3903 Santa Rita Road Pleasanton, CA 94588 US ",-121.8768923,37.6967871,"3903 santa rita rd, pleasanton, ca 94588, usa"
" Trader Joe's Rancho Cucamonga (217) 6401 Haven Ave Rancho Cucamonga, CA 91737 US ",-117.5741371,34.1377362,"6401 haven ave, rancho cucamonga, ca 91737, usa"
" Trader Joe's Rancho Palos Verdes (233) 31176 Hawthorne Blvd Rancho Palos Verdes, CA 90275 US ",-118.4066803,33.7493301,"31176 hawthorne blvd, rancho palos verdes, ca 90275, usa"
" Trader Joe's Rancho Palos Verdes - S. Western Ave. (57) 28901 S Western Ave Rancho Palos Verdes, CA 90275 US ",-118.3108682,33.7557145,"28901 s western ave, rancho palos verdes, ca 90275, usa"
" Trader Joe's Rancho Santa Margarita (27) 30652 Santa Margarita Pkwy Rancho Santa Margarita, CA 92688 US ",-117.5953482,33.6424952,"30652 santa margarita pkwy, rancho santa margarita, ca 92688, usa"
" Trader Joe's Redding (219) 845 Browning St Redding, CA 96003 US ",-122.3571133,40.5917021,"845 browning st, redding, ca 96003, usa"
" Trader Joe's Redlands (99) 552 Orange St Redlands, CA 92374 US ",-117.18117,34.060625,"552 orange st, redlands, ca 92374, usa"
" Trader Joe's Redondo Beach (38) 1761 S Elena Ave Redondo Bch., CA 90277 US ",-118.386143,33.8185616,"1761 s elena ave, redondo bch, ca 90277, usa"
" Trader Joe's Riverside (15) 6225 Riverside Plaza Riverside, CA 92506 US ",-117.3884753,33.9559323,"6225 riverside plaza dr, riverside, ca 92506, usa"
" Trader Joe's Roseville (80) 1117 Roseville Square Roseville, CA 95678 US ",-121.274886,38.7462886,"1117 roseville square, roseville, ca 95678, usa"
" Trader Joe's Sacramento (175) 5000 Folsom Blvd Sacramento, CA 95819 US ",-121.444806,38.560398,"5000 folsom blvd, sacramento, ca 95819, usa"
" Trader Joe's Sacramento (70) 2625 Marconi Ave Sacramento, CA 95821 US ",-121.4001675,38.6185969,"2625 marconi ave, sacramento, ca 95821, usa"
" Trader Joe's San Carlos (174) 1482 El Camino Real San Carlos, CA 94070 US ",-122.248571,37.4963881,"1482 el camino real, san carlos, ca 94070, usa"
" Trader Joe's San Clemente (16) 638 Camino de Los Mares San Clemente, CA 92673 US ",-117.6519251,33.4585538,"638 camino de los mares, san clemente, ca 92673, usa"
" Trader Joe's Del Mar (223 ) 13480 Highlands Place San Diego, CA 92130 US ",-117.1914046,32.9611431,"13480 highlands pl, san diego, ca 92130, usa"
" Trader Joe's Mission Valley (222) 1072 Camino Del Rio North San Diego, CA 92108 US ",-117.1551652,32.7661619,"1072 camino del rio n, san diego, ca 92108, usa"
" Trader Joe's San Diego - Carmel Mtn Ranch (23) 11955 Carmel Mountain Rd San Diego, CA 92128 US ",-117.0750506,32.9821123,"11955 carmel mountain rd, san diego, ca 92128, usa"
" Trader Joe's San Diego - Hillcrest (26) 1090 University Avenue San Diego, CA 92103 US ",-117.1538189,32.7498752,"1090 university ave ste g100-107, san diego, ca 92103, united states"
" Trader Joe's San Diego - Pacific Beach (21) 1640 Garnet Ave San Diego, CA 92109 US ",-117.2407468,32.8009867,"1640 garnet ave, san diego, ca 92109, usa"
" Trader Joe's San Diego - Point Loma (188) 2401 Truxtun Rd San Diego, CA 92106 US ",-117.2172925,32.7359623,"2401 truxtun rd, san diego, ca 92106, usa"
" Trader Joe's San Diego - Sdsu (224) 5140 College Ave San Diego, CA 92115 US ",-117.0703521,32.7720159,"5140 college ave ste 119, san diego, ca 92115, usa"
" Trader Joe's Scripps Ranch (221) 9850 Hibert St San Diego, CA 92131 US ",-117.1151691,32.9144947,"9850 hibert st, san diego, ca 92131, usa"
" Trader Joe's San Dimas (28) 856 W Arrow Hwy San Dimas, CA 91773 US ",-117.8212057,34.1034857,"856 w arrow hwy, san dimas, ca 91773, usa"
" Trader Joe's San Francisco (100) 3 Masonic Ave San Francisco, CA 94118 US ",-122.4478739,37.7833698,"3 masonic ave, san francisco, ca 94118, usa"
" Trader Joe's San Francisco - 9Th St (78) 555 9th St San Francisco, CA 94103 US ",-122.4073786,37.7711099,"555 9th st, san francisco, ca 94103, usa"
" Trader Joe's San Francisco - Nob Hill (200) 1095 Hyde St San Francisco, CA 94109 US ",-122.4179937,37.7906451,"1095 hyde st, san francisco, ca 94109, usa"
" Trader Joe's San Francisco - North Beach (19) 401 Bay St San Francisco, CA 94133 US ",-122.4137734,37.8054998,"401 bay st, san francisco, ca 94133, usa"
" Trader Joe's San Francisco - Pacific Place (225) 10 4th Street San Francisco, CA 94103 US ",-122.4056674,37.7853327,"10 4th st, san francisco, ca 94103, usa"
" Trader Joe's San Francisco - Stonestown (236) 265 Winston Dr San Francisco, CA 94132 US ",-122.4763117,37.7266474,"265 winston dr, san francisco, ca 94132, usa"
" Trader Joe's San Jose - Bollinger (232) 7250 Bollinger Rd San Jose, CA 95129 US ",-122.0309145,37.3117915,"7250 bollinger rd, san jose, ca 95129, usa"
" Trader Joe's San Jose - Coleman Ave (212) 635 Coleman Ave San Jose, CA 95110 US ",-121.9091788,37.3408663,"635 coleman ave, san jose, ca 95110, usa"
" Trader Joe's San Jose - Old Almaden (63) 5353 Almaden Expressway #J-38 San Jose, CA 95118 US ",-121.8793333,37.2515114,NA
" Trader Joe's San Jose - Westgate West (62) 5269 Prospect San Jose, CA 95129 US ",-121.9941504,37.2929672,"5269 prospect rd, san jose, ca 95129, usa"
" Trader Joe's San Juan Capistrano (249) 32151 Camino Capistrano San Juan Capistrano, CA 92675 US ",-117.6636203,33.4960493,"32151 camino capistrano, san juan capistrano, ca 92675, usa"
" Trader Joe's San Luis Obispo (41) 3977 Higuera Street San Luis Obispo, CA 93401 US ",-120.6732376,35.2451064,"3977 s higuera st, san luis obispo, ca 93401, usa"
" Trader Joe's San Mateo - Grant St (67) 1820-22 S Grant Street San Mateo, CA 94402 US ",-122.3025133,37.5545382,"1820-22 s grant st, san mateo, ca 94402, usa"
" Trader Joe's San Mateo - Hillsdale (245) 45 W Hillsdale Blvd San Mateo, CA 94403 US ",-122.298278,37.535429,"45 w hillsdale blvd, san mateo, ca 94403, usa"
" Trader Joe's San Rafael (61) 337 3rd St San Rafael, CA 94901 US ",-122.5164701,37.9695393,"337 3rd st, san rafael, ca 94901, usa"
" Trader Joe's Santa Ana (113) 3329 S Bristol St Santa Ana, CA 92704 US ",-117.8842077,33.7011809,"3329 s bristol st, santa ana, ca 92704, usa"
" Trader Joe's Santa Barbara (183) 3025 De La Vina St Santa Barbara, CA 93105 US ",-119.728949,34.4389627,"3025 de la vina st, santa barbara, ca 93105, usa"
" Trader Joe's Santa Barbara (59) 222 North Milpas Street Santa Barbara, CA 93103 US ",-119.6815129,34.4250274,"222 n milpas st, santa barbara, ca 93103, usa"
" Trader Joe's Valencia (13) 26517 Bouquet Canyon Rd Santa Clarita, CA 91350 US ",-118.5382801,34.4285684,"26517 bouquet canyon rd, santa clarita, ca 91350, usa"
" Trader Joe's Santa Cruz (193) 700 Front St Santa Cruz, CA 95060 US ",-122.0246976,36.974544,"700 front st, santa cruz, ca 95060, usa"
" Trader Joe's Santa Maria (239) 1303 S Bradley Rd Santa Maria, CA 93454 US ",-120.4213274,34.9380236,"1303 s bradley rd, santa maria, ca 93454, usa"
" Trader Joe's Santa Monica (6) 3212 Pico Blvd Santa Monica, CA 90405 US ",-118.4557652,34.0263552,"3212 pico blvd, santa monica, ca 90405, usa"
" Trader Joe's Santa Rosa Ave (178) 2100 Santa Rosa Ave Santa Rosa, CA 95407 US ",-122.7120491,38.4175177,"2100 santa rosa ave, santa rosa, ca 95407, usa"
" Trader Joe's Santa Rosa - Cleveland Ave (75) 3225 Cleveland Ave Santa Rosa, CA 95403 US ",-122.7323035,38.4735472,"3225 cleveland ave, santa rosa, ca 95403, usa"
" Trader Joe's Sherman Oaks (49) 14119 Riverside Dr Sherman Oaks, CA 91423 US ",-118.4408137,34.1579742,"14119 riverside dr, sherman oaks, ca 91423, usa"
" Trader Joe's Simi Valley (30) 2975-A Cochran St Simi Valley, CA 93065 US ",-118.7384764,34.2808989,"2975-a cochran st, simi valley, ca 93065, usa"
" Trader Joe's South San Francisco (187) 301 MC Lellan Dr South San Francisco, CA 94080 US ",-122.4461046,37.664736,"301 mclellan drive, south san francisco, ca 94080, usa"
" Trader Joe's South Pasadena (18) 613 Mission St S. Pasadena, CA 91030 US ",-118.1629729,34.1153043,"613 mission st s, pasadena, ca 91030, usa"
" Trader Joe's Stockton (76) 6535 Pacific Ave Stockton, CA 95207 US ",-121.3228167,38.00913,"6535 pacific ave, stockton, ca 95207, usa"
" Trader Joe's Studio City (122) 11976 Ventura Blvd Studio City, CA 91604 US ",-118.393111,34.143049,"11976 ventura blvd, studio city, ca 91604, usa"
" Trader Joe's Sunnyvale (68) 316 West El Camino Real Sunnyvale, CA 94087 US ",-122.0358811,37.3678921,"316 w el camino real, sunnyvale, ca 94087, usa"
" Trader Joe's Temecula (102) 40665 Winchester Rd Temecula, CA 92591 US ",-117.1561498,33.5288206,"40665 winchester rd, temecula, ca 92591, usa"
" Trader Joe's Templeton (211) 1111 Rossi Road Templeton, CA 93465 US ",-120.715191,35.5419292,"1111 rossi rd, templeton, ca 93465, usa"
" Trader Joe's Newbury Park (243) 125 N Reino Road Thousand Oaks, CA 91320 US ",-118.9538252,34.1800942,"125 n reino rd, thousand oaks, ca 91320, usa"
" Trader Joe's Thousand Oaks (196) 451 Avenida De Los Arboles Thousand Oaks, CA 91360 US ",-118.8690704,34.2189862,"451 e avenida de los arboles, thousand oaks, ca 91360, usa"
" Trader Joe's Toluca Lake (54) 10130 Riverside Dr Toluca Lake, CA 91602 US ",-118.3519298,34.151912,"10130 riverside dr, toluca lake, ca 91602, usa"
" Trader Joe's Torrance - Hawthorne Blvd (121) 19720 Hawthorne Blvd Torrance, CA 90503 US ",-118.3532856,33.8522499,"19720 hawthorne blvd, torrance, ca 90503, usa"
" Trader Joe's Torrance - Rolling Hills Plaza (29) 2545 Pacific Coast Hwy Torrance, CA 90505 US ",-118.330186,33.790641,"2545 pacific coast hwy, torrance, ca 90505, usa"
" Trader Joe's Tustin (197) 1198 Irvine Blvd. Tustin, CA 92780 US ",-117.8096194,33.746471,"1198 irvine blvd, tustin, ca 92780, usa"
" Trader Joe's Ventura (45) 1795 S. Victoria Ave Ventura, CA 93003 US ",-119.2118273,34.2572008,"1795 s victoria ave, ventura, ca 93003, usa"
" Trader Joe's Ventura - Midtown (218) 103 S Mills Rd Ventura, CA 93003 US ",-119.2488929,34.2714244,"103 s mills rd ste 104, ventura, ca 93003, usa"
" Trader Joe's Walnut Creek (123) 1372 S California Blvd Walnut Creek, CA 94596 US ",-122.0605735,37.8931373,"1372 s california blvd, walnut creek, ca 94596, usa"
" Trader Joe's Westchester (33) 8645 S Sepulveda Westchester, CA 90045 US ",-118.3963289,33.9585807,"8645 s sepulveda blvd, westchester, ca 90045, usa"
" Trader Joe's West Hills (50) 6751 Fallbrook Ave West Hills, CA 91307 US ",-118.6258129,34.1922146,"6751 fallbrook ave, west hills, ca 91307, usa"
" Trader Joe's West Hollywood (173) 8611 Santa Monica Blvd West Hollywood, CA 90069 US ",-118.3796622,34.0880547,"8611 santa monica blvd, west hollywood, ca 90069, usa"
" Trader Joe's West Hollywood (40) 7310 Santa Monica Blvd West Hollywood, CA 90046 US ",-118.3490398,34.0905394,"7310 santa monica blvd, west hollywood, ca 90046, usa"
" Trader Joe's Westlake Village (58) 3835 E Thousand Oaks Blvd Westlake Village, CA 91362 US ",-118.825874,34.163905,"3835 thousand oaks blvd, westlake village, ca 91362, usa"
" Trader Joe's Whittier (48) 15025 E Whittier Blvd Whittier, CA 90603 US ",-118.0055088,33.9494069,"15025 e whittier blvd, whittier, ca 90603, usa"
" Trader Joe's Woodland Hills (209) 21055 Ventura Blvd Woodland Hills, CA 91364 US ",-118.5923118,34.1672602,"21055 ventura blvd, woodland hills, ca 91364, usa"
" Trader Joe's Yorba Linda (176) 19655 Yorba Linda Blvd Yorba Linda, CA 92886 US ",-117.7921699,33.8897262,"19655 yorba linda blvd, yorba linda, ca 92886, usa"
" Trader Joe's Boulder (301) 1906 28th St Boulder, CO 80301 US ",-105.2578411,40.0202684,"1906 28th st, boulder, co 80301, usa"
" Trader Joe's Colorado Springs (305) 5342 N Nevada Ave Colorado Springs, CO 80918 US ",-104.8172815,38.9072763,"5342 n nevada ave, colorado springs, co 80918, usa"
" Trader Joe's Denver (302) 661 Logan Street Denver, CO 80203 US ",-104.9827877,39.7268649,"661 logan st, denver, co 80203, usa"
" Trader Joe's Denver Grocery (300) 750 N Colorado Blvd Denver, CO 80206 US ",-104.9402855,39.7283007,"750 colorado blvd, denver, co 80206, usa"
" Trader Joe's Denver Wine (310) 790 N Colorado Blvd Denver, CO 80206 US ",-104.9402984,39.729083,"790 north colorado boulevard, denver, co 80206, usa"
" Trader Joe's Fort Collins (304) 3500 S College Ave, Ste 110 Fort Collins, CO 80525 US ",-105.0752866,40.5393421,"3500 s college ave ste 110, fort collins, co 80525, usa"
" Trader Joe's Greenwood Village (303) 5910 S University Blvd, Suite E1 Greenwood Village, CO 80121 US ",-104.9584163,39.6080792,"5910 s university blvd ste e1, greenwood village, co 80121, usa"
" Trader Joe's Littleton (306) 8055 West Bowles Ave Littleton, CO 80123 US ",-105.0888051,39.611724,"8055 w bowles ave unit 3a, littleton, co 80123, usa"
" Trader Joe's Danbury (525) 113 Mill Plain Rd Danbury, CT 06811 US ",-73.521741,41.3927,"113 mill plain rd, danbury, ct 06811, usa"
" Trader Joe's Fairfield (523) 2258 Black Rock Turnpike Fairfield, CT 06825 US ",-73.253173,41.1831393,"2258 black rock turnpike, fairfield, ct 06825, usa"
" Trader Joe's Manchester (563) 1510 Pleasant Valley Road Manchester, CT 06042 US ",-72.5576549,41.8067497,"1510 pleasant valley rd, manchester, ct 06042, usa"
" Trader Joe's Orange (524) 560 Boston Post Rd Orange, CT 06477 US ",-73.0188747,41.2508125,"560 boston post rd, orange, ct 06477, usa"
" Trader Joe's Stamford (529) 1041 High Ridge Rd Stamford, CT 06905 US ",-73.5473117,41.1068964,"1041 high ridge rd, stamford, ct 06905, usa"
" Trader Joe's West Hartford (526) 1489 New Britain Ave West Hartford, CT 06110 US ",-72.7580509,41.7234651,"1489 new britain ave, west hartford, ct 06110, usa"
" Trader Joe's Westport (521) 400 Post Road E Westport, CT 06880 US ",-73.3519417,41.1398413,"400 post rd e, westport, ct 06880, usa"
" Trader Joe's Glover Park (620) 2101 Wisconsin Ave NW Suite A Washington,",-77.06833,38.91771,"2101 wisconsin ave nw suite a, washington, dc 20007, usa"
" Trader Joe's Washington - 14Th St (662) 1914 14th St NW Washington, DC 20009 US ",-77.0321896,38.9160454,"1914 14th st nw, washington, dc 20009, usa"
" Trader Joe's Washington - 25Th St (653) 1101 25th Street NW Washington, DC 20037 US ",-77.053024,38.9040926,"1101 25th st nw, washington, dc 20037, usa"
" Trader Joe's Washington - Capitol Hill (622) 750 Pennsylvania Ave SE Washington, DC 20003 US ",-76.9952324,38.8852918,"750 pennsylvania ave se, washington, dc 20003, usa"
" Trader Joe's Washington - Union Market District (621) 350 Florida Ave. NE Washington, DC 20002 US ",-77.0007126,38.9075215,"350 florida ave ne, washington, dc 20002, usa"
" Trader Joe's Wilmington (636) 5605 Concord Pike Wilmington, DE 19803 US ",-75.5417242,39.8338327,"5605 concord pike, wilmington, de 19803, usa"
" Trader Joe's Boca Raton (773) 855 S Federal Hwy Boca Raton, FL 33432 US ",-80.086579,26.3422503,"855 s federal hwy, boca raton, fl 33432, usa"
" Trader Joe's Davie (778) 2296 S University Dr Davie, FL 33324 US ",-80.2496642,26.0930324,"2296 s university dr, davie, fl 33324, usa"
" Trader Joe's Delray Beach (771) 1851 S Federal Highway #500 Delray Beach, FL 33483 US ",-80.0672973,26.4529579,NA
" Trader Joe's Fort Lauderdale (776) 1560 N Federal Hwy Fort Lauderdale, FL 33304 US ",-80.1189987,26.14812,"1560 n federal hwy, fort lauderdale, fl 33304, usa"
" Trader Joe's Gainesville (764) 3724 SW Archer Rd Gainesville, FL 32608 US ",-82.3799788,29.6232817,"3724 sw archer rd, gainesville, fl 32608, usa"
" Trader Joe's Jacksonville (769) 11112 San Jose Blvd Jacksonville, FL 32223 US ",-81.6301983,30.173927,"11112 san jose blvd, jacksonville, fl 32223, usa"
" Trader Joe's Jacksonville Beach (760) 4180 S 3rd St Jacksonville Beach, FL 32250 US ",-81.3898053,30.2569923,"4180 s 3rd st s, jacksonville beach, fl 32250, usa"
" Trader Joe's Pinecrest (770) 9205 S Dixie Hwy Miami, FL 33156 US ",-80.3125623,25.6844073,"9205 s dixie hwy, miami, fl 33156, usa"
" Trader Joe's Miami Beach (779) 1229 17th St Miami Beach,",-80.1422631,25.7923065,"1229 17th st #779, miami beach, fl 33139, usa"
" Trader Joe's Naples (762) 10600 Tamiami Trail N Naples, FL 34108 US ",-81.8005297,26.2681317,"10600 tamiami trail n, naples, fl 34108, usa"
" Trader Joe's Orlando – Dr. Phillips (768) 8323 Sand Lake Rd Orlando, FL 32819 US ",-81.4965868,28.4503045,"8323 sand lake rd, orlando, fl 32819, usa"
" Trader Joe's Palm Beach Gardens (772) 2560 PGA Blvd Palm Beach Gardens, FL 33410 US ",-80.0741839,26.8437756,"2560 pga boulevard, palm beach gardens, fl 33410, usa"
" Trader Joe's Pembroke Pines (775) 11960 Pines Blvd Pembroke Pines, FL 33026 US ",-80.3107778,26.0058489,"11960 pines blvd, pembroke pines, fl 33026, usa"
" Trader Joe's Sarasota (761) 4101 S Tamiami Trail Sarasota, FL 34231 US ",-82.530019,27.294762,"4101 s tamiami trail, sarasota, fl 34231, usa"
" Trader Joe's St. Petersburg (767) 2742 4th St N St. Petersburg, FL 33704 US ",-82.6388275,27.7974016,"2742 4th st n, st. petersburg, fl 33704, usa"
" Trader Joe's Tallahassee (763) 3425 Thomasville Rd Tallahassee, FL 32309 US ",-84.2502281,30.5031134,"3425 thomasville rd #19, tallahassee, fl 32309, usa"
" Trader Joe's Tampa (766) 3808 W Swann Ave Tampa, FL 33609 US ",-82.506331,27.9372655,"3808 w swann ave, tampa, fl 33609, usa"
" Trader Joe's Wellington (774) 2877 South State Rd 7 Wellington, FL 33414 US ",-80.205663,26.6368252,"2877 s, fl-7, wellington, fl 33414, united states"
" Trader Joe's Winter Park (765) 131 N Orlando Ave Winter Park, FL 32789 US ",-81.3652981,28.5977493,"131 north orlando avenue, winter park, fl 32789, usa"
" Trader Joe's Athens (736) 1850 Epps Bridge Pkwy Athens, GA 30606 US ",-83.443261,33.915794,"1850 epps bridge pkwy ste 331, athens, ga 30606, usa"
" Trader Joe's Atlanta (730) 931 Monroe Dr Atlanta, GA 30308 US ",-84.3679523,33.7795746,"931 monroe dr ne, atlanta, ga 30308, usa"
" Trader Joe's Buckhead (735) 3183 Peachtree Rd Atlanta, GA 30305 US ",-84.3749866,33.8409526,"3183 peachtree rd, atlanta, ga 30305, usa"
" Trader Joe's Marietta (732) 4250 Roswell Road NE Marietta, GA 30062 US ",-84.426163,33.9831557,"4250 roswell rd, marietta, ga 30062, usa"
" Trader Joe's Norcross - Peachtree Corners (734) 5185 Peachtree Pkwy Norcross, GA 30092 US ",-84.2195636,33.979183,"5185 peachtree pkwy ste 101, norcross, ga 30092, usa"
" Trader Joe's Roswell (733) 635 W Crossville Rd Roswell, GA 30075 US ",-84.3796266,34.0593442,"635 w crossville rd, roswell, ga 30075, usa"
" Trader Joe's Sandy Springs (731) 6277 Roswell Road NE Sandy Springs, GA 30328 US ",-84.3780992,33.9262446,"6277 roswell rd ne, sandy springs, ga 30328, usa"
" Trader Joe's Coralville (728) 920 Ponseti Way Coralville, IA 52241 US ",-91.5647228,41.6833223,"920 ponseti way, coralville, ia 52241, usa"
" Trader Joe's W Des Moines (721) 6305 Mills Civic Pkwy West Des Moines, IA 50266 US ",-93.7940598,41.5616576,"6305 mills civic pkwy ste 2111, west des moines, ia 50266, usa"
" Trader Joe's Boise (360) 300 S Capitol Blvd Boise, ID 83702 US ",-116.2037053,43.6130276,"300 s capitol blvd, boise, id 83702, usa"
" Trader Joe's Algonquin (699) 1800 S Randall Rd Algonquin, IL 60102 US ",-88.3398334,42.1534435,"1800 s randall rd, algonquin, il 60102, usa"
" Trader Joe's Arlington Heights (687) 17 W Rand Rd Arlington Heights, IL 60004 US ",-87.9826671,42.1129268,"17 w rand rd, arlington heights, il 60004, usa"
" Trader Joe's Batavia (689) 1942 W Fabyan Pkwy Batavia, IL 60510 US ",-88.338489,41.8638735,"1942 w fabyan pkwy, batavia, il 60510, usa"
" Trader Joe's Chicago (688) 3745 N Lincoln Ave Chicago, IL 60613 US ",-87.6751404,41.9498851,"3745 n lincoln ave, chicago, il 60613, usa"
" Trader Joe's Chicago - Diversey Pkwy (703) 667 W Diversey Pkwy Chicago, IL 60614 US ",-87.6462425,41.9323352,"667 w diversey pkwy, chicago, il 60614, usa"
" Trader Joe's Chicago - Lincoln Park (691) 1840 N Clybourn Ave Chicago, IL 60614 US ",-87.6549833,41.9144861,"1840 n clybourn ave, chicago, il 60614, usa"
" Trader Joe's Chicago - River North (696) 44 E Ontario St Chicago, IL 60611 US ",-87.6261918,41.8934446,"44 e ontario st, chicago, il 60611, usa"
" Trader Joe's Chicago - South Loop (701) 1147 S Wabash Ave Chicago, IL 60605 US ",-87.6253853,41.8677713,"1147 s wabash ave, chicago, il 60605, usa"
" Trader Joe's Downers Grove (683) 122 Ogden Ave Downers Grove, IL 60515 US ",-87.9890937,41.8110584,"122 ogden ave, downers grove, il 60515, usa"
" Trader Joe's Evanston (702) 1211 Chicago Avenue Evanston, IL 60202 US ",-87.6800329,42.0397785,"1211 chicago ave, evanston, il 60202, usa"
" Trader Joe's Glen Ellyn (680) 680 Roosevelt Rd Glen Ellyn, IL 60137 US ",-88.0586561,41.8605268,"680 roosevelt rd, glen ellyn, il 60137, usa"
" Trader Joe's Glenview (681) 1407 Waukegan Rd Glenview, IL 60025 US ",-87.7971929,42.0809674,"1407 waukegan rd, glenview, il 60025, usa"
" Trader Joe's La Grange (685) 25 N La Grange Rd La Grange, IL 60525 US ",-87.8693557,41.8173165,"25 n la grange rd, la grange, il 60525, usa"
" Trader Joe's Lake Zurich (684) 735 W Route 22 Lake Zurich, IL 60047 US ",-88.1090051,42.1887711,"735 w state rte 22, lake zurich, il 60047, usa"
" Trader Joe's Libertyville (704) 1600 S Milwaukee Ave Libertyville, IL 60048 US ",-87.946718,42.255041,"1600 s milwaukee ave, libertyville, il 60048, usa"
" Trader Joe's Naperville (690) 44 W Gartner Rd Naperville, IL 60540 US ",-88.1405028,41.7545412,"44 w gartner rd, naperville, il 60540, usa"
" Trader Joe's Northbrook (682) 127 Skokie Blvd Northbrook, IL 60062 US ",-87.7983116,42.1502628,"127 skokie blvd, northbrook, il 60062, usa"
" Trader Joe's Oak Park (697) 483 N Harlem Ave Oak Park, IL 60301 US ",-87.8047896,41.8902787,"483 n harlem ave, oak park, il 60301, usa"
" Trader Joe's Orland Park (686) 14924 S La Grange Rd Orland Park, IL 60462 US ",-87.854763,41.618022,"14924 south la grange road, orland park, il 60462, usa"
" Trader Joe's Park Ridge (698) 190 N NW Highway Park Ridge, IL 60068 US ",-87.8323637,42.0127157,"190 n northwest hwy, park ridge, il 60068, usa"
" Trader Joe's Schaumburg (705) 1426 E Golf Rd Schaumburg, IL 60173 US ",-88.041887,42.0510988,"1426 e golf rd, schaumburg, il 60173, usa"
" Trader Joe's Indianapolis - Castleton (671) 5473 E 82nd St Indianapolis, IN 46250 US ",-86.0751813,39.9037062,"5473 e 82nd st, indianapolis, in 46250, usa"
" Trader Joe's Indianapolis - W 86Th (670) 2902 W 86th St Indianapolis, IN 46268 US ",-86.2117997,39.9125685,"2902 w 86th st, indianapolis, in 46268, usa"
" Trader Joe's Leawood (723) 4201 W 119th St Leawood, KS 66209 US ",-94.6357532,38.912425,"4201 w 119th st, leawood, ks 66209, usa"
" Trader Joe's Lexington Grocery (627) 2326 Nicholasville Rd Lexington, KY 40503 US ",-84.5183628,38.0049273,"2326 nicholasville rd, lexington, ky 40503, usa"
" Trader Joe's Lexington Wine (626) 2320 Nicholasville Road Lexington, KY 40503 US ",-84.5185124,38.0049274,"2320 nicholasville rd, lexington, ky 40503, usa"
" Trader Joe's Louisville Grocery (628) 4600 Shelbyville Rd Ste 111 Louisville, KY 40207 US ",-85.6298321,38.2483925,"4600 shelbyville rd ste 111, louisville, ky 40207, usa"
" Trader Joe's Louisville Wine (625) 4600 Shelbyville Rd Ste 112 Louisville, KY 40207 US ",-85.6298321,38.2483925,"4600 shelbyville rd ste 112, louisville, ky 40207, usa"
" Trader Joe's Baton Rouge (754) 3535 Perkins Rd Baton Rouge, LA 70808 US ",-91.153792,30.4226856,"3535 perkins rd, baton rouge, la 70808, usa"
" Trader Joe's Metairie (755) 2949 Veterans Blvd Metairie, LA 70002 US ",-90.1520588,30.0044051,"2949 veterans blvd, metairie, la 70002, usa"
" Trader Joe's Acton (511) 145 Great Rd Acton, MA 01720 US ",-71.4152791,42.4832101,"145 great rd, acton, ma 01720, usa"
" Trader Joe's Allston (561) 199 North Harvard Street Allston, MA 02134 US ",-71.1298352,42.3635097,"199 n harvard st, allston, ma 02134, usa"
" Trader Joe's Arlington (505) 1427 Massachusetts Ave Arlington, MA 02476 US ",-71.1888223,42.4254178,"1427 massachusetts ave, arlington, ma 02476, usa"
" Trader Joe's Boston - Back Bay (510) 899 Boylston St Boston, MA 02115 US ",-71.0840861,42.3484566,"899 boylston st, boston, ma 02115, usa"
" Trader Joe's Brookline (501) 1317 Beacon St Brookline, MA 02446 US ",-71.1205422,42.3419953,"1317 beacon st, brookline, ma 02446, usa"
" Trader Joe's Burlington (515) 51 Middlesex Turnpike Burlington, MA 01803 US ",-71.2106665,42.473428,"51 middlesex turnpike, burlington, ma 01803, usa"
" Trader Joe's Cambridge (502) 748 Memorial Dr Cambridge, MA 02139 US ",-71.1141683,42.3582624,"748 memorial dr, cambridge, ma 02139, usa"
" Trader Joe's Cambridge Fresh Pond (517) 211 Alewife Brook Pkwy Cambridge, MA 02138 US ",-71.1435906,42.390022,"211 alewife brook pkwy, cambridge, ma 02138, usa"
" Trader Joe's Foxborough - Patriot Place (528) 350 Patriot Place Foxborough, MA 02035 US ",-71.2692716,42.0866187,"350 patriot pl, foxborough, ma 02035, usa"
" Trader Joe's Framingham (503) 659 Worcester Rd Framingham, MA 01701 US ",-71.423284,42.298735,"659 worcester rd, framingham, ma 01701, usa"
" Trader Joe's Hadley (512) 375 Russell St Hadley, MA 01035 US ",-72.5493664,42.3577603,"375 russell st, hadley, ma 01035, usa"
" Trader Joe's Hanover (513) 1775 Washington St Hanover, MA 02339 US ",-70.8316142,42.122497,"1775 washington st, hanover, ma 02339, usa"
" Trader Joe's Hingham (530) 5 Essington Drive Hingham, MA 02043 US ",-70.9237968,42.2490667,"5 essington dr, hingham, ma 02043, usa"
" Trader Joe's Hyannis (514) 655 Iyannough Road Rt 132 Hyannis, MA 02601 US ",-70.2923784,41.6662989,"655 iyannough road rt 132, hyannis, ma 02601, united states"
" Trader Joe's Needham Heights (504) 958 Highland Ave Needham, MA 02494 US ",-71.2348917,42.292737,"958 highland ave, needham, ma 02494, usa"
" Trader Joe's Peabody (516) 300 Andover St Peabody, MA 01960 US ",-70.9562144,42.5494743,"300 andover st, peabody, ma 01960, usa"
" Trader Joe's Saugus (506) 358 Broadway Saugus, MA 01906 US ",-71.017554,42.4834902,"358 broadway, saugus, ma 01906, usa"
" Trader Joe's Shrewsbury (508) 77 Boston Turnpike Shrewsbury, MA 01545 US ",-71.7512196,42.2753458,"77 boston turnpike, shrewsbury, ma 01545, usa"
" Trader Joe's Somerville (560) 145 Middlesex Ave Somerville, MA 02145 US ",-71.0828193,42.3956168,"145 middlesex ave, somerville, ma 02145, usa"
" Trader Joe's West Newton (509) 1121 Washington St West Newton, MA 02465 US ",-71.2194379,42.3498471,"1121 washington st, west newton, ma 02465, usa"
" Trader Joe's Annapolis (650) 160 F Jennifer Rd Annapolis, MD 21401 US ",-76.540243,38.9889202,"160 f, jennifer rd, annapolis, md 21401, usa"
" Trader Joe's Bethesda (645) 6831 Wisconsin Ave Bethesda, MD 20815 US ",-77.0905313,38.978257,"6831 wisconsin ave, bethesda, md 20815, usa"
" Trader Joe's Columbia (658) 6610 Marie Curie Dr Elkridge, MD 21075 US ",-76.7956374,39.1883169,"6610 marie curie dr, elkridge, md 21075, usa"
" Trader Joe's Pikesville (655) 1809 Reisterstown Rd Pikesville, MD 21208 US ",-76.7360871,39.3881322,"1809 reisterstown rd, pikesville, md 21208, usa"
" Trader Joe's North Potomac (648) 10076 Darnestown Rd Rockville, MD 20850 US ",-77.2067876,39.0965444,"10076 darnestown rd, rockville, md 20850, usa"
" Trader Joe's Rockville (642) 12268-H Rockville Pike Rockville, MD 20852 US ",-77.1223481,39.0570549,"12268-h rockville pike, rockville, md 20852, usa"
" Trader Joe's Silver Spring (652) 10741 Columbia Pike Silver Spring, MD 20901 US ",-77.0035012,39.0313332,"10741 columbia pike, silver spring, md 20901, usa"
" Trader Joe's Towson (649) 800 Kenilworth Drive Towson, MD 21204 US ",-76.6192304,39.4114587,"800 kenilworth dr, towson, md 21204, usa"
" Trader Joe's Portland (519) 87 Marginal Way Portland, ME 04101 US ",-70.2646208,43.6618148,"87 marginal way, portland, me 04101, usa"
" Trader Joe's Ann Arbor (678) 2398 East Stadium Blvd Ann Arbor, MI 48104 US ",-83.7130225,42.258405,"2398 e stadium blvd, ann arbor, mi 48104, usa"
" Trader Joe's Bloomfield Hills (675) 6536 Telegraph Rd Bloomfield Hills, MI 48301 US ",-83.2867635,42.5441271,"6536 telegraph rd, bloomfield hills, mi 48301, usa"
" Trader Joe's Grosse Pointe (665) 17028 Kercheval Ave Grosse Pointe, MI 48230 US ",-82.915887,42.389772,"17028 kercheval ave, grosse pointe, mi 48230, usa"
" Trader Joe's Kalamazoo (708) 5099 Century Ave Kalamazoo, MI 49006 US ",-85.6499899,42.2701259,"5099 century ave, kalamazoo, mi 49006, usa"
" Trader Joe's Grand Rapids – Kentwood (707) 3684 28th St SE Kentwood, MI 49512 US ",-85.5766868,42.9119665,"3684 28th st se, kentwood, mi 49512, usa"
" Trader Joe's Northville (667) 18771 Traditions Drive Northville, MI 48167 US ",-83.4337553,42.4227691,"18771 traditions dr, northville, mi 48167, usa"
" Trader Joe's Rochester Hills (668) 3044 Walton Blvd Rochester Hills, MI 48309 US ",-83.1949099,42.6825492,"3044 walton blvd, rochester hills, mi 48309, usa"
" Trader Joe's Royal Oak (674) 27880 Woodward Ave Royal Oak, MI 48067 US ",-83.1636857,42.4954068,"27880 woodward ave, royal oak, mi 48067, usa"
" Trader Joe's Bloomington (724) 4270 W 78th St Bloomington, MN 55435 US ",-93.332769,44.859243,"4270 w 78th st, bloomington, mn 55435, usa"
" Trader Joe's Maple Grove (713) 12105 Elm Creek Blvd N Maple Grove, MN 55369 US ",-93.4340902,45.0921896,"12105 elm creek blvd n, maple grove, mn 55369, usa"
" Trader Joe's Minneapolis (725) 721 Washington Ave S Minneapolis, MN 55415 US ",-93.2582,44.976464,"721 s washington ave ste 101, minneapolis, mn 55415, usa"
" Trader Joe's Minnetonka (714) 11220 Wayzata Blvd Minnetonka, MN 55305 US ",-93.4227576,44.9734888,"11220 wayzata blvd, minnetonka, mn 55305, usa"
" Trader Joe's Rochester (718) 1200 16th St SW Rochester, MN 55902 US ",-92.481255,44.0003608,"1200 16th st sw, rochester, mn 55902, usa"
" Trader Joe's Shoreview (727) 1041 Red Fox Rd Shoreview, MN 55126 US ",-93.1447262,45.05799,"1041 red fox rd, shoreview, mn 55126, usa"
" Trader Joe's St. Louis Park (710) 4500 Excelsior Blvd St. Louis Park, MN 55416 US ",-93.337399,44.934592,"4500 excelsior blvd, st louis park, mn 55416, usa"
" Trader Joe's St. Paul (716) 484 Lexington Pkwy S St. Paul, MN 55105 US ",-93.1458914,44.926697,"484 lexington pkwy s, st paul, mn 55105, usa"
" Trader Joe's Woodbury (715) 8960 Hudson Rd. Ste. 801 Woodbury, MN 55125 US ",-92.9226673,44.945734,"8960 hudson rd ste 801, woodbury, mn 55125, usa"
" Trader Joe's Brentwood (692) 48 Brentwood Promenade Court Brentwood, MO 63144 US ",-90.3412312,38.6273335,"48 brentwood promenade ct, brentwood, mo 63144, usa"
" Trader Joe's Chesterfield (693) 1679 Clarkson Rd Chesterfield, MO 63017 US ",-90.5665562,38.6448973,"1679 clarkson rd, chesterfield, mo 63017, usa"
" Trader Joe's Creve Coeur (694) 11505 Olive Blvd Creve Coeur, MO 63141 US ",-90.4364196,38.6719545,"11505 olive blvd, creve coeur, mo 63141, usa"
" Trader Joe's Des Peres (695) 13343 Manchester Rd Des Peres, MO 63131 US ",-90.4671556,38.601039,"13343 manchester rd, des peres, mo 63131, usa"
" Trader Joe's Kansas City (720) 8600 Ward Pkwy Kansas City, MO 64114 US ",-94.60684,38.9706721,"8600 ward pkwy, kansas city, mo 64114, usa"
" Trader Joe's Asheville (740) 120 Merrimon Ave Asheville, NC 28801 US ",-82.5535733,35.603047,"120 merrimon ave, asheville, nc 28801, usa"
" Trader Joe's Cary (741) 1393 Kildaire Farm Rd Cary, NC 27511 US ",-78.7815442,35.758902,"1393 kildaire farm rd, cary, nc 27511, usa"
" Trader Joe's Chapel Hill (745) 1800 E Franklin St Chapel Hill, NC 27514 US ",-79.0243879,35.9366785,"1800 e franklin st, chapel hill, nc 27514, usa"
" Trader Joe's Charlotte (744) 1133 Metropolitan Ave Charlotte, NC 28204 US ",-80.8355447,35.211682,"1133 metropolitan ave, charlotte, nc 28204, usa"
" Trader Joe's Charlotte - North (743) 1820 E Arbors Dr Charlotte, NC 28262 US ",-80.7545264,35.3368095,"1820 e arbors dr, charlotte, nc 28262, usa"
" Trader Joe's Charlotte - Piper Glen (742) 6418 Rea Rd Charlotte, NC 28277 US ",-80.8179279,35.0788563,"6418 rea rd, charlotte, nc 28277, usa"
" Trader Joe's Raleigh (746) 3000 Wake Forest Rd Raleigh, NC 27609 US ",-78.6217112,35.8232408,"3000 wake forest rd, raleigh, nc 27609, usa"
" Trader Joe's Wilmington (747) 1437 S College Rd Wilmington, NC 28403 US ",-77.8857637,34.2107721,"1437 s college rd, wilmington, nc 28403, usa"
" Trader Joe's Winston Salem (749) 252 South Stratford Road Winston Salem, NC 27103 US ",-80.281989,36.0929083,"252 s stratford rd, winston-salem, nc 27103, usa"
" Trader Joe's Lincoln (722) 3120 Pine Lake Rd Lincoln, NE 68516 US ",-96.6745877,40.7423226,"3120 pine lake rd ste r, lincoln, ne 68516, usa"
" Trader Joe's Omaha (719) 10305 Pacific St Omaha, NE 68114 US ",-96.0739732,41.2482854,"10305 pacific st, omaha, ne 68114, usa"
" Trader Joe's Bedford (562) 2 Market Street Bedford, NH 03110 US ",-71.4772211,42.9537285,"2 market st, bedford, nh 03110, usa"
" Trader Joe's Nashua (507) 262 Daniel Webster HWY Nashua, NH 03060 US ",-71.4384243,42.7080149,"262 daniel webster hwy, nashua, nh 03060, usa"
" Trader Joe's Newington/Portsmouth (520) 45 Gosling Rd Portsmouth, NH 03801 US ",-70.8001595,43.0940535,"45 gosling rd, portsmouth, nh 03801, usa"
" Trader Joe's Clifton (610) 259 Allwood Road Clifton, NJ 07012 US ",-74.1513146,40.8365302,"259 allwood rd, clifton, nj 07012, usa"
" Trader Joe's Edgewater (606) 715 River Rd Edgewater, NJ 07020 US ",-73.9775851,40.8196686,"715 river rd, edgewater, nj 07020, usa"
" Trader Joe's Florham Park (604) 176 Columbia Turnpike Florham Park, NJ 07932 US ",-74.3905119,40.7889577,"176 columbia turnpike, florham park, nj 07932, usa"
" Trader Joe's Hoboken (611) 1350 Willow Ave. Hoboken, NJ 07030 US ",-74.0299492,40.7536747,"1350 willow ave, hoboken, nj 07030, usa"
" Trader Joe's Marlton (631) 300 P Route 73 S Marlton, NJ 08053 US ",-74.9239923,39.8903095,"300 p route 73 s, marlton, nj 08053, united states"
" Trader Joe's Millburn (609) 187 Millburn Ave Millburn, NJ 07041 US ",-74.2961459,40.7230026,"187 millburn ave, millburn, nj 07041, usa"
" Trader Joe's North Brunswick (612) 869 US-1 North Brunswick, NJ 08902 US ",-74.4588496,40.4624626,"869 us-1, north brunswick township, nj 08902, usa"
" Trader Joe's Paramus (605) 404 Rt 17 N Paramus, NJ 07652 US ",-74.0705862,40.9483179,"404 nj-17 n, paramus, nj 07652, usa"
" Trader Joe's Princeton (607) 3528 Brunswick Pike Princeton, NJ 08540 US ",-74.6611769,40.3106024,"3528 brunswick pike, princeton, nj 08540, usa"
" Trader Joe's Shrewsbury (608) 1031 Broad St Shrewsbury, NJ 07702 US ",-74.0615022,40.3167225,"1031 broad st, shrewsbury, nj 07702, usa"
" Trader Joe's Wayne (603) 1172 Hamburg Turnpike Wayne, NJ 07470 US ",-74.2424638,40.9612526,"1172 hamburg turnpike, wayne, nj 07470, usa"
" Trader Joe's Westfield (601) 155 Elm St Westfield, NJ 07090 US ",-74.3499954,40.6522247,"155 elm st, westfield, nj 07090, usa"
" Trader Joe's Westwood (602) 20 Irvington St Westwood, NJ 07675 US ",-74.0359794,40.9931741,"20 irvington st, westwood, nj 07675, usa"
" Trader Joe's Albuquerque (166) 8928 Holly Ave NE Albuquerque, NM 87122 US ",-106.5426633,35.175132,"8928 holly ave ne, albuquerque, nm 87122, usa"
" Trader Joe's Albuquerque (167) 2200 Uptown Loop NE Albuquerque, NM 87110 US ",-106.5654572,35.1022335,"2200 uptown loop rd ne, albuquerque, nm 87110, usa"
" Trader Joe's Santa Fe (165) 530 W Cordova Rd Santa Fe, NM 87505 US ",-105.953372,35.6729716,"530 w cordova rd, santa fe, nm 87505, usa"
" Trader Joe's Carson City (281) 3790 US Hwy 395 S Carson City, NV 89705 US ",-119.776632,39.111761,"3790 us hwy 395 s, carson city, nv 89705, united states"
" Trader Joe's Anthem (280) 10345 S Eastern Ave Henderson, NV 89052 US ",-115.1093337,36.0008721,"10345 s eastern ave, henderson, nv 89052, usa"
" Trader Joe's Henderson (97) 2716 N Green Valley Pkwy Henderson, NV 89014 US ",-115.0811185,36.0695804,"2716 n green valley pkwy, henderson, nv 89014, usa"
" Trader Joe's Las Vegas - Centennial Hills (98) 5639 Centennial Ctr Blvd Las Vegas, NV 89149 US ",-115.2575351,36.2636522,"5639 centennial center blvd, las vegas, nv 89149, usa"
" Trader Joe's Las Vegas - Summerlin (86) 7575 W Washington Las Vegas, NV 89128 US ",-115.2578687,36.1805903,"7575 w washington ave, las vegas, nv 89128, usa"
" Trader Joe's Las Vegas - Summerlin West (284) 2315 Summa Dr Ste 100 Las Vegas, NV 89135 US ",-115.3354281,36.1461897,"2315 summa dr ste 100, las vegas, nv 89135, usa"
" Trader Joe's Reno (82) 5035 S McCarran Blvd Reno, NV 89502 US ",-119.7839949,39.4787891,"5035 s mccarran blvd, reno, nv 89502, usa"
" Trader Joe's Brooklyn (558) 130 Court St Brooklyn, NY 11201 US ",-73.9928699,40.6895837,"130 court st, brooklyn, ny 11201, usa"
" Trader Joe's Brooklyn - City Point (547) 445 Gold St Brooklyn, NY 11201 US ",-73.9829165,40.6909912,"445 gold st, brooklyn, ny 11201, usa"
" Trader Joe's Amherst (536) 1565 Niagara Falls Blvd Buffalo, NY 14228 US ",-78.8212576,42.9980501,"1565 niagara falls blvd, buffalo, ny 14228, usa"
" Trader Joe's Colonie/Albany (535) 79 Wolf Rd Colonie, NY 12205 US ",-73.8120389,42.7141625,"79 wolf rd, colonie, ny 12205, usa"
" Trader Joe's Commack (551) 5900 Jericho Turnpike Commack, NY 11725 US ",-73.3074892,40.8403293,"5900 jericho turnpike, commack, ny 11725, usa"
" Trader Joe's Westbury (550) 910 Old Country Rd Garden City, NY 11530 US ",-73.6039002,40.7443902,"910 old country rd, garden city, ny 11530, usa"
" Trader Joe's Hartsdale (533) 215 N Central Ave Hartsdale, NY 10530 US ",-73.7934729,41.0255446,"215 n central ave, hartsdale, ny 10530, usa"
" Trader Joe's Hewlett (554) 1280 West Broadway Hewlett, NY 11557 US ",-73.7017203,40.6392018,"1280 w broadway, hewlett, ny 11557, usa"
" Trader Joe's Lake Grove (556) 2085 Smith Haven Plaza Lake Grove, NY 11755 US ",-73.1280967,40.8686356,"2085 smith haven plaza, lake grove, ny 11755, united states"
" Trader Joe's Larchmont (532) 1260 Boston Post Rd Larchmont, NY 10538 US ",-73.7464526,40.9383639,"1260 w boston post rd, larchmont, ny 10538, usa"
" Trader Joe's Merrick (553) 1714 Merrick Rd Merrick, NY 11566 US ",-73.5587687,40.6533623,"1714 merrick rd, merrick, ny 11566, usa"
" Trader Joe's 72Nd & Broadway (542) 2073 Broadway New York, NY 10023 US ",-73.9823665,40.7785955,"2073 broadway, new york, ny 10023, usa"
" Trader Joe's Chelsea (543) 675 6th Ave New York, NY 10010 US ",-73.9941211,40.7420901,"675 6th ave, new york, ny 10010, usa"
" Trader Joe's Essex Crossing (538) 400 Grand St. (Cellar) New York, NY 10002 US ",-73.9867718,40.7164903,"cellar, 400 grand st, new york, ny 10002, usa"
" Trader Joe's New York - Murray Hill (544) 200 E 32nd St New York, NY 10016 US ",-73.9790839,40.7439882,"200 e 32nd st, new york, ny 10016, usa"
" Trader Joe's Soho (539) 233 Spring Street New York, NY 10013 US ",-74.00508,40.7258226,"233 spring st, new york, ny 10013, usa"
" Trader Joe's Union Square - Grocery Store (540) 142 E 14th St New York, NY 10003 US ",-73.9878966,40.733371,"142 e 14th st, new york, ny 10003, usa"
" Trader Joe's Union Square - Wine Store (541) 138 E 14th St New York, NY 10003 US ",-73.988403,40.733605,"138 e 14th st, new york, ny 10003, usa"
" Trader Joe's Upper West Side (545) 670 Columbus Ave New York, NY 10025 US ",-73.9695098,40.7907104,"670 columbus ave, new york, ny 10025, usa"
" Trader Joe's Oceanside (552) 3418 Long Beach Rd Oceanside, NY 11572 US ",-73.6411019,40.6268133,"3418 long beach rd, oceanside, ny 11572, usa"
" Trader Joe's Plainview (555) 425 S Oyster Bay Rd Plainview, NY 11803 US ",-73.5015006,40.7817125,"425 s oyster bay rd, plainview, ny 11803, usa"
" Trader Joe's Queens (557) 9030 Metropolitan Ave Rego Park, NY 11374 US ",-73.8582626,40.710916,"9030 metropolitan ave, rego park, ny 11374, usa"
" Trader Joe's Rochester (534) 3349 Monroe Ave Rochester, NY 14618 US ",-77.5402745,43.102581,"3349 monroe ave, rochester, ny 14618, usa"
" Trader Joe's Scarsdale (531) 727 White Plains Rd Scarsdale, NY 10583 US ",-73.80487,40.9723375,"727 white plains rd, scarsdale, ny 10583, usa"
" Trader Joe's Staten Island (559) 2385 Richmond Ave Staten Island, NY 10314 US ",-74.1657412,40.5896623,"2385 richmond ave, staten island, ny 10314, usa"
" Trader Joe's Syracuse (537) 3422 Erie Blvd E Syracuse, NY 13214 US ",-76.0706463,43.0462423,"3422 erie blvd e, syracuse, ny 13214, usa"
" Trader Joe's Kenwood (669) 7788 Montgomery Rd Cincinnati, OH 45236 US ",-84.3817041,39.1973262,"7788 montgomery rd, cincinnati, oh 45236, usa"
" Trader Joe's Columbus (679) 3888 Townsfair Way Columbus, OH 43219 US ",-82.9180099,40.0493003,"3888 townsfair way, columbus, oh 43219, usa"
" Trader Joe's Dublin (672) 6355 Sawmill Rd Dublin, OH 43017 US ",-83.0930892,40.0965045,"6355 sawmill rd, dublin, oh 43017, usa"
" Trader Joe's Kettering (673) 328 East Stroop Rd Kettering, OH 45429 US ",-84.1662778,39.6884356,"328 e stroop rd, kettering, oh 45429, usa"
" Trader Joe's Westlake (677) 175 Market St Westlake, OH 44145 US ",-81.9512978,41.4567923,"175 market st, westlake, oh 44145, usa"
" Trader Joe's Woodmere (676) 28425 Chagrin Blvd Woodmere, OH 44122 US ",-81.479131,41.4633069,"28425 chagrin blvd, woodmere, oh 44122, usa"
" Trader Joe's Oklahoma City - Nichols Hills (461) 6409 Avondale Dr Nichols Hills, OK 73116 US ",-97.5310595,35.5376946,"6409 avondale dr, nichols hills, ok 73116, usa"
" Trader Joe's Tulsa (460) 3702 S Peoria Ave Tulsa, OK 74105 US ",-95.975934,36.1096067,"3702 s peoria ave, tulsa, ok 74105, usa"
" Trader Joe's Beaverton (141) 11753 SW Beaverton Hillsdale Hwy Beaverton, OR 97005 US ",-122.7976043,45.4879718,"11753 sw beaverton hillsdale hwy, beaverton, or 97005, usa"
" Trader Joe's Bend (150) 63455 N Hwy 97 Bend, OR 97701 US ",-121.3022456,44.1011493,"63455 n hwy 97, bend, or 97701, usa"
" Trader Joe's Clackamas (152) 9345 SE 82nd Ave Clackamas, OR 97086 US ",-122.5807379,45.4558588,"9345 se 82nd ave, southgate, or 97086, usa"
" Trader Joe's Corvallis (154) 1550 NW 9th St Corvallis, OR 97330 US ",-123.2599744,44.5822604,"1550 nw 9th st ste 100, corvallis, or 97330, usa"
" Trader Joe's Eugene (145) 85 Oakway Center Eugene, OR 97401 US ",-123.0752647,44.0662723,"85 oakway center, eugene, or 97401, usa"
" Trader Joe's Hillsboro (149) 2285 NW 185th Ave Hillsboro, OR 97124 US ",-122.8696106,45.5366231,"2285 nw 185th ave, hillsboro, or 97124, usa"
" Trader Joe's Lake Oswego (142) 15391 SW Bangy Rd Lake Oswego, OR 97035 US ",-122.7432923,45.4138108,"15391 sw, bangy rd, lake oswego, or 97035, united states"
" Trader Joe's Medford (155) 55 Rossanley Dr Medford, OR 97501 US ",-122.8819376,42.3435965,"55 rossanley dr, medford, or 97501, usa"
" Trader Joe's Portland - Hollywood (144) 4121 NE Halsey St Portland, OR 97232 US ",-122.6208153,45.5347161,"4121 ne halsey st, portland, or 97232, usa"
" Trader Joe's Portland Nw (146) 2122 NW Glisan St Portland, OR 97210 US ",-122.6951618,45.5261013,"2122 nw glisan st, portland, or 97210, usa"
" Trader Joe's Portland Se (143) 4715 SE Cesar Chavez Blvd Portland, OR 97202 US ",-122.6235486,45.4888244,"4715 se cesar estrada chavez blvd, portland, or 97202, usa"
" Trader Joe's Salem (153) 4450 Commercial St SE Salem, OR 97302 US ",-123.0325549,44.8896067,"4450 commercial st se, salem, or 97302, usa"
" Trader Joe's Ardmore (635) 112 Coulter Ave Ardmore, PA 19003 US ",-75.2865954,40.0072791,"112 coulter ave, ardmore, pa 19003, usa"
" Trader Joe's Jenkintown (633) 933 Old York Rd Jenkintown, PA 19046 US ",-75.1221983,40.1084083,"933 old york rd, jenkintown, pa 19046, usa"
" Trader Joe's Media (637) 12 E State St Media, PA 19063 US ",-75.3888998,39.9175588,"12 e state st, media, pa 19063, usa"
" Trader Joe's North Wales (639) 1460 Bethlehem Pike North Wales, PA 19454 US ",-75.2235665,40.207844,"1460 bethlehem pike, north wales, pa 19454, usa"
" Trader Joe's Philadelphia - Center City (634) 2121 Market St Philadelphia, PA 19103 US ",-75.1759702,39.9541809,"2121 market st, philadelphia, pa 19103, usa"
" Trader Joe's Pittsburgh (638) 6343 Penn Ave Pittsburgh, PA 15206 US ",-79.9191827,40.4592363,"6343 penn ave, pittsburgh, pa 15206, usa"
" Trader Joe's Pittsburgh North Hills (624) 9020 Covenant Ave Pittsburgh, PA 15237 US ",-80.0223146,40.5704092,"9020 covenant ave, pittsburgh, pa 15237, usa"
" Trader Joe's Pittsburgh - South Hills (630) 1630 Washington Rd Pittsburgh, PA 15241 US ",-80.0517205,40.3513544,"1630 washington rd, pittsburgh, pa 15241, usa"
" Trader Joe's State College (629) 243 Patriot Lane State College, PA 16803 US ",-77.9022379,40.8103369,"243 patriot ln, state college, pa 16803, usa"
" Trader Joe's Wayne (632) 171 E Swedesford Rd Wayne, PA 19087 US ",-75.4336403,40.0734346,"171 e swedesford rd, wayne, pa 19087, usa"
" Trader Joe's Warwick (518) 1000 Bald Hill Rd Warwick, RI 02886 US ",-71.4877458,41.7122422,"1000 bald hill rd, warwick, ri 02886, usa"
" Trader Joe's Columbia (753) 4516 Forest Drive Columbia, SC 29206 US ",-80.9726801,34.0200278,"4516 forest dr, columbia, sc 29206, usa"
" Trader Joe's Greenville (751) 59 Woodruff Industrial Ln Greenville, SC 29607 US ",-82.3056746,34.8290454,"59 woodruff industrial ln, greenville, sc 29607, usa"
" Trader Joe's Mt. Pleasant (752) 401 Johnnie Dodds Blvd Mt. Pleasant, SC 29464 US ",-79.8871696,32.8047946,"401 johnnie dodds blvd, mt pleasant, sc 29464, usa"
" Trader Joe's Germantown (738) 2130 Exeter Rd. Germantown, TN 38138 US ",-89.8011737,35.0907799,"2130 exeter rd ste 101, germantown, tn 38138, usa"
" Trader Joe's Knoxville (663) 8001 Kingston Pike Knoxville, TN 37919 US ",-84.0459828,35.9271838,"8001 kingston pike, knoxville, tn 37919, usa"
" Trader Joe's Nashville (664) 3909 Hillsboro Pike Nashville, TN 37215 US ",-86.815626,36.1050835,"3909 hillsboro pike, nashville, tn 37215, usa"
" Trader Joe's Austin - Northwest (454) 9722 Great Hills Trail Austin, TX 78759 US ",-97.7517712,30.3955849,"9722 great hills trail ste 200, austin, tx 78759, usa"
" Trader Joe's Austin - Rollingwood (453) 2805 Bee Cave Rd Austin, TX 78746 US ",-97.7898114,30.2701339,"2805 bee caves rd, austin, tx 78746, usa"
" Trader Joe's Austin - Seaholm (452) 211 Walter Seaholm Dr, Ste 100 Austin, TX 78701 US ",-97.7527899,30.2674966,"211 walter seaholm dr ste 100, austin, tx 78701, usa"
" Trader Joe's Dallas Far North (407) 14856 Preston Rd Dallas, TX 75254 US ",-96.8028234,32.9508704,"14856 preston rd, dallas, tx 75254, usa"
" Trader Joe's Dallas Knox (400) 4525 Cole Ave Dallas, TX 75205 US ",-96.789751,32.822539,"4525 cole ave, dallas, tx 75205, usa"
" Trader Joe's Dallas - Lower Greenville (403) 2001 Greenville Ave Dallas, TX 75206 US ",-96.770559,32.8148346,"2001 greenville ave, dallas, tx 75206, usa"
" Trader Joe's Dallas North (401) 7939 Walnut Hill Lane Dallas, TX 75230 US ",-96.7722808,32.8805703,"7939 walnut hill ln, dallas, tx 75230, usa"
" Trader Joe's Dallas West (405) 5550 W Lovers Lane Dallas, TX 75209 US ",-96.8183033,32.8506249,"5550 w lovers ln ste 168, dallas, tx 75209, usa"
" Trader Joe's Fort Worth (404) 2701 S Hulen St Fort Worth, TX 76109 US ",-97.3851284,32.7119773,"2701 s hulen st, fort worth, tx 76109, usa"
" Trader Joe's Houston - Alabama Theater (426) 2922 S Shepherd Drive Houston, TX 77098 US ",-95.4113227,29.7392113,"2922 s shepherd dr, houston, tx 77098, usa"
" Trader Joe's Houston - Memorial Area (427) 1440 South Voss Road Houston, TX 77057 US ",-95.5016658,29.7527195,"1440 s voss rd, houston, tx 77057, usa"
" Trader Joe's Houston - West (431) 11683 Westheimer Rd Houston, TX 77077 US ",-95.5824872,29.7354063,"11683 westheimer rd, houston, tx 77077, usa"
" Trader Joe's Katy (Cinco Ranch) (429) 2717 Commercial Center Blvd Katy, TX 77494 US ",-95.7748374,29.7403352,"2717 commercial center blvd, katy, tx 77494, usa"
" Trader Joe's McKinney (408) 2851 Craig Dr Ste 100 McKinney, TX 75070 US ",-96.6428744,33.1736968,"2851 craig dr ste 100, mckinney, tx 75070, usa"
" Trader Joe's Plano (402) 2400 Preston Rd Plano, TX 75093 US ",-96.7928213,33.029232,"2400 preston rd ste 200, plano, tx 75093, usa"
" Trader Joe's San Antonio (451) 350 East Basse Road San Antonio, TX 78209 US ",-98.4780302,29.496703,"350 e basse rd, san antonio, tx 78209, usa"
" Trader Joe's San Antonio - Sonterra Village (455) 403 N Loop 1604 W San Antonio, TX 78232 US ",-98.499373,29.6095612,"403 n loop 1604 w, san antonio, tx 78232, usa"
" Trader Joe's Southlake (406) 1492 E Southlake Blvd Southlake, TX 76092 US ",-97.1294179,32.9413307,"1492 e southlake blvd, southlake, tx 76092, usa"
" Trader Joe's The Woodlands (428) 10868 Kuykendahl Road The Woodlands, TX 77381 US ",-95.5353996,30.1755966,"10868 kuykendahl rd, the woodlands, tx 77381, usa"
" Trader Joe's Cottonwood Heights (351) 6989 S 1300 E Cottonwood Heights, UT 84047 US ",-111.8537251,40.6241078,"6989 1300 e, cottonwood heights, ut 84047, usa"
" Trader Joe's Orem (352) 440 East Park Avenue Orem, UT 84097 US ",-111.6852582,40.2762516,"440 e park avenue, orem, ut 84097, usa"
" Trader Joe's Salt Lake City (350) 634 East 400 South Salt Lake City, UT 84102 US ",-111.8726019,40.7596686,"634 e 400 s, salt lake city, ut 84102, usa"
" Trader Joe's Alexandria (647) 612 N Saint Asaph St Alexandria, VA 22314 US ",-77.0447925,38.8107825,"612 n st asaph st, alexandria, va 22314, usa"
" Trader Joe's Arlington - Clarendon (640) 1109 N Highland St Arlington, VA 22201 US ",-77.094641,38.886684,"1109 n highland st, arlington, va 22201, usa"
" Trader Joe's Ashburn (619) 44755 Brimfield Dr Ashburn, VA 20147 US ",-77.452729,39.0503773,"44755 brimfield dr, ashburn, va 20147, usa"
" Trader Joe's Bailey's Crossroads (644) 5847 Leesburg Pike Bailey's Crossroads, VA 22041 US ",-77.1327867,38.8510336,"5847 leesburg pike, bailey's crossroads, va 22041, usa"
" Trader Joe's Centreville (654) 14100 Lee Hwy Centreville, VA 20120 US ",-77.4327704,38.8404178,"14100 lee hwy, centreville, va 20120, usa"
" Trader Joe's Charlottesville (661) 2025 Bond St. Charlottesville, VA 22901 US ",-78.491488,38.0629829,"2025 bond st, charlottesville, va 22901, usa"
" Trader Joe's Fairfax (643) 9464 Main St Fairfax, VA 22031 US ",-77.2703726,38.8427152,"9464 main st, fairfax, va 22031, usa"
" Trader Joe's Falls Church - Tyson's Station (641) 7514 Leesburg Turnpike Falls Church, VA 22043 US ",-77.2036932,38.9043526,"7514 leesburg pike, falls church, va 22043, usa"
" Trader Joe's Richmond/Short Pump (659) 11331 W Broad St Glen Allen, VA 23060 US ",-77.6068018,37.6488915,"11331 w broad st, glen allen, va 23060, usa"
" Trader Joe's Newport News (656) 12551 Jefferson Ave Newport News, VA 23602 US ",-76.5164768,37.1309371,"12551 jefferson ave, newport news, va 23602, usa"
" Trader Joe's Reston (646) 11958 Killingsworth Ave Reston, VA 20194 US ",-77.3590466,38.9672395,"11958 killingsworth ave, reston, va 20194, usa"
" Trader Joe's Springfield (651) 6394 Springfield Plaza Springfield, VA 22150 US ",-77.1894869,38.7814549,"6394 springfield plaza, springfield, va 22150, usa"
" Trader Joe's Virginia Beach (660) 503 Hilltop Plaza Virginia Beach, VA 23454 US ",-76.0247752,36.8486112,"503 hilltop plaza, virginia beach, va 23454, usa"
" Trader Joe's Williamsburg (657) 5000 Settlers Market Blvd Williamsburg, VA 23188 US ",-76.7477849,37.2771346,"5000 settlers market blvd, williamsburg, va 23188, usa"
" Trader Joe's South Burlington (527) 200 Dorset St South Burlington, VT 05403 US ",-73.1803986,44.4636358,"200 dorset st, south burlington, vt 05403, usa"
" Trader Joe's Bellevue (131) 15563 NE 24th St Bellevue, WA 98007 US ",-122.1334288,47.6307602,"15563 ne 24th st, bellevue, wa 98007, usa"
" Trader Joe's Bellevue (162) 416 116th Ave NE Bellevue, WA 98004 US ",-122.1849339,47.6133317,"416 116th ave ne, bellevue, wa 98004, usa"
" Trader Joe's Bellingham (151) 2410 James St Bellingham, WA 98225 US ",-122.4639239,48.762126,"2410 james st, bellingham, wa 98225, usa"
" Trader Joe's Burien (133) 15868 1st Ave S Burien, WA 98148 US ",-122.3313909,47.460074,"15868 1st ave s, burien, wa 98148, usa"
" Trader Joe's Everett (139) 811 SE Everett Mall Way Everett, WA 98208 US ",-122.2213893,47.9107208,"811 se everett mall way, everett, wa 98208, usa"
" Trader Joe's Federal Way (134) 1758 S 320th St Federal Way, WA 98003 US ",-122.3109368,47.3169255,"1758 s 320th st, federal way, wa 98003, usa"
" Trader Joe's Issaquah (138) 975 NW Gilman Blvd Issaquah, WA 98027 US ",-122.0522338,47.5439867,"975 nw gilman blvd, issaquah, wa 98027, usa"
" Trader Joe's Kent (163) 12966 SE Kent-Kangley Rd Kent, WA 98030 US ",-122.1661279,47.3601846,"12966 se kent-kangley rd, kent, wa 98030, usa"
" Trader Joe's Kirkland (132) 12520 Totem Lake Blvd NE Kirkland, WA 98034 US ",-122.1799863,47.7114517,"12520 totem lake blvd ne ste 116, kirkland, wa 98034, usa"
" Trader Joe's Lynnwood (129) 19715 Highway 99 Lynnwood, WA 98036 US ",-122.3138165,47.8195294,"19715 hwy 99 ste 101, lynnwood, wa 98036, usa"
" Trader Joe's Olympia (156) 1530 Black Lake Blvd SW Olympia, WA 98502 US ",-122.9376002,47.0332617,"1530 black lake blvd sw, olympia, wa 98502, usa"
" Trader Joe's Redmond (140) 15932 Redmond Way Redmond, WA 98052 US ",-122.1279924,47.675818,"15932 redmond way, redmond, wa 98052, usa"
" Trader Joe's Sammamish (160) 490 228th Ave NE Sammamish, WA 98074 US ",-122.0338824,47.613851,"490 228th ave ne, sammamish, wa 98074, usa"
" Trader Joe's Ballard (147) 4609 14th Ave NW Seattle, WA 98107 US ",-122.3742472,47.6626139,"4609 14th ave nw, seattle, wa 98107, usa"
" Trader Joe's Seattle - Capitol Hill (130) 1700 Madison St Seattle, WA 98122 US ",-122.3097028,47.6160063,"1700 e madison st, seattle, wa 98122, usa"
" Trader Joe's Seattle - Queen Hill (135) 1916 Queen Anne Ave N Seattle, WA 98109 US ",-122.3566656,47.6369841,"1916 queen anne ave n, seattle, wa 98109, usa"
" Trader Joe's Seattle - U District (137) 4555 Roosevelt Way NE Seattle, WA 98105 US ",-122.3177437,47.6626855,"4555 roosevelt way ne, seattle, wa 98105, usa"
" Trader Joe's West Seattle (157) 4545 Fauntleroy Way SW Seattle, WA 98116 US ",-122.3810293,47.5619296,"4545 fauntleroy way sw, seattle, wa 98116, usa"
" Trader Joe's Shoreline (270) 1201 N 175th St Shoreline, WA 98133 US ",-122.3433056,47.7549148,"1201 n 175th st, shoreline, wa 98133, usa"
" Trader Joe's Silverdale (158) 9991 Mickelberry Rd Silverdale, WA 98383 US ",-122.6831633,47.6554254,"9991 mickelberry rd, silverdale, wa 98383, usa"
" Trader Joe's Spokane (159) 2975 East 29th Ave Spokane, WA 99223 US ",-117.3666428,47.6289661,"2975 e 29th ave, spokane, wa 99223, usa"
" Trader Joe's Spokane N (164) 5520 N Division St Spokane, WA 99208 US ",-117.409345,47.7088497,"5520 n division st, spokane, wa 99208, usa"
" Trader Joe's University Place (148) 3800 Bridgeport Way W University Place, WA 98466 US ",-122.5381783,47.2230636,"3800 bridgeport way w, university place, wa 98466, usa"
" Trader Joe's Vancouver (136) 305 SE Chkalov Dr Vancouver, WA 98683 US ",-122.5534494,45.6197265,"305 se chkalov dr, vancouver, wa 98683, usa"
" Trader Joe's Brookfield (726) 12665 W. Bluemound Rd Brookfield, WI 53005 US ",-88.0701501,43.0356775,"12665 w bluemound rd, brookfield, wi 53005, usa"
" Trader Joe's Madison (712) 1810 Monroe St Madison, WI 53711 US ",-89.4175436,43.0649866,"1810 monroe st, madison, wi 53711, usa"
" Trader Joe's Glendale (711) 5600 N Port Washington Rd Milwaukee, WI 53217 US ",-87.9162927,43.1189323,"5600 n port washington rd, milwaukee, wi 53217, usa"
